중앙도서관,35.891959,128.612256,3565e19fc34
중앙도서관,35.891959,128.612256,3565e19fc4c
중앙도서관,35.891959,128.612256,3565e19fc54
중앙도서관,35.891959,128.612256,3565e19fcfc
중앙도서관,35.891959,128.612256,3565e19fce4
중앙도서관,35.891959,128.612256,3565e19fcdc
중앙도서관,35.891959,128.612256,3565e19fc3c
중앙도서관,35.891959,128.612256,3565e19fc44
중앙도서관,35.891959,128.612256,3565e19fc5c
중앙도서관,35.891959,128.612256,3565e19fcf4
중앙도서관,35.891959,128.612256,3565e19fcec
중앙도서관,35.891959,128.612256,3565e19fcc4
중앙도서관,35.891959,128.612256,3565e19fc14
중앙도서관,35.891959,128.612256,3565e19fc6c
중앙도서관,35.891959,128.612256,3565e19fc64
중앙도서관,35.891959,128.612256,3565e19fc8c
중앙도서관,35.891959,128.612256,3565e19fc94
중앙도서관,35.891959,128.612256,3565e19fcbc
중앙도서관,35.891959,128.612256,3565e19fc04
중앙도서관,35.891959,128.612256,3565e19fc0c
중앙도서관,35.891959,128.612256,3565e19fc74
중앙도서관,35.891959,128.612256,3565e19fc7c
중앙도서관,35.891959,128.612256,3565e19fc84
중앙도서관,35.891959,128.612256,3565e19fc9c
중앙도서관,35.891959,128.612256,3565e19fbfc
중앙도서관,35.891959,128.612256,3565e19fbf4
중앙도서관,35.891959,128.612256,3565e19fb8c
중앙도서관,35.891959,128.612256,3565e19fb84
중앙도서관,35.891959,128.612256,3565e19fb7c
중앙도서관,35.891959,128.612256,3565e19fb64
중앙도서관,35.891959,128.612256,3565e19f95c
중앙도서관,35.891959,128.612256,3565e19fbe4
중앙도서관,35.891959,128.612256,3565e19fbec
중앙도서관,35.891959,128.612256,3565e19fb94
중앙도서관,35.891959,128.612256,3565e19f964
중앙도서관,35.891959,128.612256,3565e19fbdc
중앙도서관,35.891959,128.612256,3565e19fbc4
중앙도서관,35.891959,128.612256,3565e19fbbc
복지관,35.888992,128.614715,3565e19e8b4
복지관,35.888992,128.614715,3565e19e8bc
복지관,35.888992,128.614715,3565e19e8cc
복지관,35.888992,128.614715,3565e19e8c4
복지관,35.888992,128.614715,3565e19e8d4
복지관,35.888992,128.614715,3565e19eed4
복지관,35.888992,128.614715,3565e19e92c
복지관,35.888992,128.614715,3565e19eecc
복지관,35.888992,128.614715,3565e19e934
복지관,35.888992,128.614715,3565e19e93c
복지관,35.888992,128.614715,3565e19eeb4
복지관,35.888992,128.614715,3565e19e94c
복지관,35.888992,128.614715,3565e19e944
복지관,35.888992,128.614715,3565e19eeac
복지관,35.888992,128.614715,3565e19e954
복지관,35.888992,128.614715,3565e19ef34
복지관,35.888992,128.614715,3565e19e8dc
복지관,35.888992,128.614715,3565e19e924
복지관,35.888992,128.614715,3565e19ef2c
복지관,35.888992,128.614715,3565e19ef4c
보람관,35.886044,128.609468,3565e17797c
보람관,35.886044,128.609468,3565e177974
보람관,35.886044,128.609468,3565e17790c
보람관,35.886044,128.609468,3565e177904
보람관,35.886044,128.609468,3565e1778fc
보람관,35.886044,128.609468,3565e177bdc
보람관,35.886044,128.609468,3565e177964
보람관,35.886044,128.609468,3565e17796c
보람관,35.886044,128.609468,3565e177914
보람관,35.886044,128.609468,3565e17791c
보람관,35.886044,128.609468,3565e177be4
보람관,35.886044,128.609468,3565e17795c
보람관,35.886044,128.609468,3565e177944
보람관,35.886044,128.609468,3565e17793c
보람관,35.886044,128.609468,3565e177924
보람관,35.886044,128.609468,3565e177bfc
보람관,35.886044,128.609468,3565e177954
보람관,35.886044,128.609468,3565e17794c
보람관,35.886044,128.609468,3565e177934
보람관,35.886044,128.609468,3565e17792c
보람관,35.886044,128.609468,3565e177c0c
보람관,35.886044,128.609468,3565e177c04
보람관,35.886044,128.609468,3565e177eac
보람관,35.886044,128.609468,3565e177eb4
보람관,35.886044,128.609468,3565e177ecc
누리관,35.893495,128.613567,3565e1a1ccc
누리관,35.893495,128.613567,3565e1a1cc4
누리관,35.893495,128.613567,3565e1a1cec
누리관,35.893495,128.613567,3565e1a0324
누리관,35.893495,128.613567,3565e1a032c
누리관,35.893495,128.613567,3565e1a1cd4
누리관,35.893495,128.613567,3565e1a1cdc
누리관,35.893495,128.613567,3565e1a1ce4
누리관,35.893495,128.613567,3565e1a02e4
누리관,35.893495,128.613567,3565e1a02dc
누리관,35.893495,128.613567,3565e1a02d4
누리관,35.893495,128.613567,3565e1a1d2c
누리관,35.893495,128.613567,3565e1a1d24
누리관,35.893495,128.613567,3565e1a1d1c
누리관,35.893495,128.613567,3565e1a02f4
누리관,35.893495,128.613567,3565e1a02ec
누리관,35.893495,128.613567,3565e1a02c4
누리관,35.893495,128.613567,3565e1a02cc
누리관,35.893495,128.613567,3565e1a1d34
누리관,35.893495,128.613567,3565e1a1d3c
누리관,35.893495,128.613567,3565e1a1d14
누리관,35.893495,128.613567,3565e1a028c
누리관,35.893495,128.613567,3565e1a0294
누리관,35.893495,128.613567,3565e1a02b4
누리관,35.893495,128.613567,3565e1a1d4c
누리관,35.893495,128.613567,3565e1a02bc
첨성관,35.891337,128.615043,3565e19f72c
첨성관,35.891337,128.615043,3565e19f0d4
첨성관,35.891337,128.615043,3565e19f6dc
첨성관,35.891337,128.615043,3565e19f6d4
첨성관,35.891337,128.615043,3565e19f12c
첨성관,35.891337,128.615043,3565e19f6c4
첨성관,35.891337,128.615043,3565e19f6cc
첨성관,35.891337,128.615043,3565e19f134
첨성관,35.891337,128.615043,3565e19f694
첨성관,35.891337,128.615043,3565e19f6bc
첨성관,35.891337,128.615043,3565e19f6b4
첨성관,35.891337,128.615043,3565e19f14c
첨성관,35.891337,128.615043,3565e19f684
첨성관,35.891337,128.615043,3565e19f69c
첨성관,35.891337,128.615043,3565e19f6a4
첨성관,35.891337,128.615043,3565e19f6ac
첨성관,35.891337,128.615043,3565e19f154
첨성관,35.891337,128.615043,3565e19f5d4
첨성관,35.891337,128.615043,3565e19f42c
첨성관,35.891337,128.615043,3565e19f424
첨성관,35.891337,128.615043,3565e19f41c
첨성관,35.891337,128.615043,3565e19f404
첨성관,35.891337,128.615043,3565e19f3fc
첨성관,35.891337,128.615043,3565e19f3e4
첨성관,35.891337,128.615043,3565e19f43c
첨성관,35.891337,128.615043,3565e19f414
첨성관,35.891337,128.615043,3565e19f40c
첨성관,35.891337,128.615043,3565e19f3f4
첨성관,35.891337,128.615043,3565e19f3ec
첨성관,35.891337,128.615043,3565e19f46c
첨성관,35.891337,128.615043,3565e19f474
첨성관,35.891337,128.615043,3565e19f38c
향토관,35.890694,128.615207,3565e19f3dc
향토관,35.890694,128.615207,3565e19f3d4
향토관,35.890694,128.615207,3565e19f3c4
향토관,35.890694,128.615207,3565e19f3cc
향토관,35.890694,128.615207,3565e19f234
향토관,35.890694,128.615207,3565e19f3b4
향토관,35.890694,128.615207,3565e19f24c
향토관,35.890694,128.615207,3565e19f3a4
향토관,35.890694,128.615207,3565e19f3ac
향토관,35.890694,128.615207,3565e19f30c
향토관,35.890694,128.615207,3565e19f304
향토관,35.890694,128.615207,3565e19f3bc
IT4호관&5호관,35.888244,128.610944,3565e1761f4
IT4호관&5호관,35.888244,128.610944,3565e17621c
IT4호관&5호관,35.888244,128.610944,3565e176214
IT4호관&5호관,35.888244,128.610944,3565e1761fc
IT4호관&5호관,35.888244,128.610944,3565e176204
IT4호관&5호관,35.888244,128.610944,3565e17620c
IT4호관&5호관,35.888057,128.611436,3565e19df5c
IT4호관&5호관,35.888057,128.611436,3565e19df54
IT4호관&5호관,35.888057,128.611436,3565e19d8ac
IT4호관&5호관,35.888057,128.611436,3565e19df44
IT4호관&5호관,35.888057,128.611436,3565e19df4c
IT4호관&5호관,35.888057,128.611436,3565e19d8b4
IT4호관&5호관,35.888057,128.611436,3565e19df3c
IT4호관&5호관,35.888057,128.611436,3565e19df34
IT4호관&5호관,35.888057,128.611436,3565e19d8cc
IT4호관&5호관,35.888057,128.611436,3565e19df24
IT4호관&5호관,35.888057,128.611436,3565e19df2c
IT4호관&5호관,35.888057,128.611436,3565e19dedc
IT4호관&5호관,35.888057,128.611436,3565e19ded4
IT4호관&5호관,35.888057,128.611436,3565e19dec4
IT4호관&5호관,35.888057,128.611436,3565e19decc
IT4호관&5호관,35.888057,128.611436,3565e1761e4
IT4호관&5호관,35.888057,128.611436,3565e1761ec