글로벌플라자,35.892041,128.611272,3565e19fd94
글로벌플라자,35.892041,128.611272,3565e19fdbc
글로벌플라자,35.892041,128.611272,3565e19fdb4
글로벌플라자,35.892041,128.611272,3565e19fd84
글로벌플라자,35.892041,128.611272,3565e19fd9c
글로벌플라자,35.892041,128.611272,3565e19fda4
글로벌플라자,35.892041,128.611272,3565e19fdac
글로벌플라자,35.892041,128.611272,3565e19fd7c
글로벌플라자,35.892041,128.611272,3565e19fd74
글로벌플라자,35.892041,128.611272,3565e19fd0c
글로벌플라자,35.892041,128.611272,3565e19fd04
글로벌플라자,35.892041,128.611272,3565e19fd64
글로벌플라자,35.892041,128.611272,3565e19fd6c
글로벌플라자,35.892041,128.611272,3565e19fd14
글로벌플라자,35.892041,128.611272,3565e19fd1c
글로벌플라자,35.892041,128.611272,3565e19fd5c
글로벌플라자,35.892041,128.611272,3565e19fd44
글로벌플라자,35.892041,128.611272,3565e19fd3c
글로벌플라자,35.892041,128.611272,3565e19fd24
글로벌플라자,35.892041,128.611272,3565e19fd54
글로벌플라자,35.892041,128.611272,3565e19fd4c
글로벌플라자,35.892041,128.611272,3565e19fd34
글로벌플라자,35.892041,128.611272,3565e19fd2c
글로벌플라자,35.892041,128.611272,3565e19e2ac
글로벌플라자,35.892041,128.611272,3565e19e2b4
대강당,35.892809,128.610780,3565e1755c4
대강당,35.892809,128.610780,3565e1755ec
대강당,35.892809,128.610780,3565e1755f4
대강당,35.892809,128.610780,3565e1755dc
대강당,35.892809,128.610780,3565e1755e4
대강당,35.892809,128.610780,3565e1755fc
대강당,35.892809,128.610780,3565e17567c
대강당,35.892809,128.610780,3565e175674
대강당,35.892809,128.610780,3565e17560c
대강당,35.892809,128.610780,3565e175604
대강당,35.892809,128.610780,3565e19fdfc
대강당,35.892809,128.610780,3565e17568c
대강당,35.892809,128.610780,3565e175664
대강당,35.892809,128.610780,3565e17566c
대강당,35.892809,128.610780,3565e175614
대강당,35.892809,128.610780,3565e17561c
대강당,35.892809,128.610780,3565e17565c
대강당,35.892809,128.610780,3565e175644
대강당,35.892809,128.610780,3565e17563c
문예관,35.894366,128.612419,3565e1a03fc
문예관,35.894366,128.612419,3565e1a03f4
문예관,35.894366,128.612419,3565e1a015c
문예관,35.894366,128.612419,3565e1a03e4
문예관,35.894366,128.612419,3565e1a03ec
예술대학,35.893494,128.611272,3565e175584
예술대학,35.893494,128.611272,3565e17557c
예술대학,35.893494,128.611272,3565e19ffd4
예술대학,35.893494,128.611272,3565e19ffdc
예술대학,35.893494,128.611272,3565e19ffc4
예술대학,35.893494,128.611272,3565e19ffec
예술대학,35.893494,128.611272,3565e19fff4
예술대학,35.893494,128.611272,3565e19ff8c
예술대학,35.893494,128.611272,3565e19ff94
예술대학,35.893494,128.611272,3565e19ffbc
예술대학,35.893494,128.611272,3565e19ff9c
조소동,35.893619,128.612092,3565e1a018c
조소동,35.893619,128.612092,3565e1a0224
조소동,35.893619,128.612092,3565e1a023c
조소동,35.893619,128.612092,3565e1a01c4
조소동,35.893619,128.612092,3565e1a01ec
조소동,35.893619,128.612092,3565e1a01f4
조소동,35.893619,128.612092,3565e1a021c
조소동,35.893619,128.612092,3565e1a0214
조소동,35.893619,128.612092,3565e1a01dc
조소동,35.893619,128.612092,3565e1a01e4
조소동,35.893619,128.612092,3565e1a01fc
조소동,35.893619,128.612092,3565e1a0204
조소동,35.893619,128.612092,3565e19ff64
조소동,35.893619,128.612092,3565e19ff5c
조형관,35.893204,128.612419,3565e19ff54
조형관,35.893204,128.612419,3565e19f8ac
조형관,35.893204,128.612419,3565e19f8a4
조형관,35.893204,128.612419,3565e19f89c
조형관,35.893204,128.612419,3565e19ff44
조형관,35.893204,128.612419,3565e19ff4c
조형관,35.893204,128.612419,3565e19f8b4
조형관,35.893204,128.612419,3565e19f8bc
조형관,35.893204,128.612419,3565e19f894
조형관,35.893204,128.612419,3565e19ff3c
조형관,35.893204,128.612419,3565e19ff34
조형관,35.893204,128.612419,3565e19f8cc
농생대4호관,35.893972,128.613075,3565e1a04a4
농생대4호관,35.893972,128.613075,3565e1a04ac
농생대4호관,35.893972,128.613075,3565e1a037c
농생대4호관,35.893972,128.613075,3565e1a0364
농생대4호관,35.893972,128.613075,3565e1a035c
농생대4호관,35.893972,128.613075,3565e1a0354
농생대4호관,35.893972,128.613075,3565e1a039c
농생대4호관,35.893972,128.613075,3565e1a0374
농생대4호관,35.893972,128.613075,3565e1a036c
농생대4호관,35.893972,128.613075,3565e1a0344
농생대4호관,35.893972,128.613075,3565e1a03a4
농생대4호관,35.893972,128.613075,3565e1a030c
농생대4호관,35.893972,128.613075,3565e1a0314
농생대4호관,35.893972,128.613075,3565e1a03ac
농생대4호관,35.893972,128.613075,3565e1a0304
농생대4호관,35.893972,128.613075,3565e1a031c
누리관,35.893495,128.613567,3565e1a1ccc
누리관,35.893495,128.613567,3565e1a1cc4
누리관,35.893495,128.613567,3565e1a1cec
누리관,35.893495,128.613567,3565e1a0324
누리관,35.893495,128.613567,3565e1a032c
누리관,35.893495,128.613567,3565e1a1cd4
누리관,35.893495,128.613567,3565e1a1cdc
누리관,35.893495,128.613567,3565e1a1ce4
누리관,35.893495,128.613567,3565e1a02e4
누리관,35.893495,128.613567,3565e1a02dc
누리관,35.893495,128.613567,3565e1a02d4
누리관,35.893495,128.613567,3565e1a1d2c
누리관,35.893495,128.613567,3565e1a1d24
누리관,35.893495,128.613567,3565e1a1d1c
누리관,35.893495,128.613567,3565e1a02f4
누리관,35.893495,128.613567,3565e1a02ec
누리관,35.893495,128.613567,3565e1a02c4
누리관,35.893495,128.613567,3565e1a02cc
누리관,35.893495,128.613567,3565e1a1d34
누리관,35.893495,128.613567,3565e1a1d3c
누리관,35.893495,128.613567,3565e1a1d14
누리관,35.893495,128.613567,3565e1a028c
누리관,35.893495,128.613567,3565e1a0294
누리관,35.893495,128.613567,3565e1a02b4
누리관,35.893495,128.613567,3565e1a1d4c
누리관,35.893495,128.613567,3565e1a02bc
간호대학,35.892748,128.614387,3565e1a1d74
간호대학,35.892748,128.614387,3565e1a1d9c
간호대학,35.892748,128.614387,3565e1a1d94
간호대학,35.892748,128.614387,3565e1a1d7c
간호대학,35.892748,128.614387,3565e1a1d84
간호대학,35.892748,128.614387,3565e1a1d8c
간호대학,35.892748,128.614387,3565e19f7d4
간호대학,35.892748,128.614387,3565e19f62c
간호대학,35.892748,128.614387,3565e19f624
간호대학,35.892748,128.614387,3565e19f634
약학대학,35.892623,128.612419,3565e19f92c
약학대학,35.892623,128.612419,3565e19f924
약학대학,35.892623,128.612419,3565e19f91c
약학대학,35.892623,128.612419,3565e19fec4
약학대학,35.892623,128.612419,3565e19fecc
약학대학,35.892623,128.612419,3565e19f934
약학대학,35.892623,128.612419,3565e19f93c
약학대학,35.892623,128.612419,3565e19febc
약학대학,35.892623,128.612419,3565e19feb4
약학대학,35.892623,128.612419,3565e19f94c
첨단기술융합대학,35.892499,128.613895,3565e19f7fc
첨단기술융합대학,35.892499,128.613895,3565e19f81c
첨단기술융합대학,35.892499,128.613895,3565e19f7f4
첨단기술융합대학,35.892499,128.613895,3565e19f7ec
첨단기술융합대학,35.892499,128.613895,3565e19f844
첨단기술융합대학,35.892499,128.613895,3565e19f83c
첨단기술융합대학,35.892499,128.613895,3565e19f824
첨단기술융합대학,35.892499,128.613895,3565e19f78c
첨단기술융합대학,35.892499,128.613895,3565e19f794
첨단기술융합대학,35.892499,128.613895,3565e19f7bc
첨단기술융합대학,35.892499,128.613895,3565e19f79c
종합정보센터,35.892312,128.613239,3565e19f9b4
종합정보센터,35.892312,128.613239,3565e19f9cc
종합정보센터,35.892312,128.613239,3565e19f9bc
종합정보센터,35.892312,128.613239,3565e19f9c4
종합정보센터,35.892312,128.613239,3565e19f994
종합정보센터,35.892312,128.613239,3565e19f9ec
중앙도서관,35.891959,128.612256,3565e19fc34
중앙도서관,35.891959,128.612256,3565e19fc4c
중앙도서관,35.891959,128.612256,3565e19fc54
중앙도서관,35.891959,128.612256,3565e19fcfc
중앙도서관,35.891959,128.612256,3565e19fce4
중앙도서관,35.891959,128.612256,3565e19fcdc
중앙도서관,35.891959,128.612256,3565e19fc3c
중앙도서관,35.891959,128.612256,3565e19fc44
중앙도서관,35.891959,128.612256,3565e19fc5c
중앙도서관,35.891959,128.612256,3565e19fcf4
중앙도서관,35.891959,128.612256,3565e19fcec
중앙도서관,35.891959,128.612256,3565e19fcc4
중앙도서관,35.891959,128.612256,3565e19fc14
중앙도서관,35.891959,128.612256,3565e19fc6c
중앙도서관,35.891959,128.612256,3565e19fc64
중앙도서관,35.891959,128.612256,3565e19fc8c
중앙도서관,35.891959,128.612256,3565e19fc94
중앙도서관,35.891959,128.612256,3565e19fcbc
중앙도서관,35.891959,128.612256,3565e19fc04
중앙도서관,35.891959,128.612256,3565e19fc0c
중앙도서관,35.891959,128.612256,3565e19fc74
중앙도서관,35.891959,128.612256,3565e19fc7c
중앙도서관,35.891959,128.612256,3565e19fc84
중앙도서관,35.891959,128.612256,3565e19fc9c
중앙도서관,35.891959,128.612256,3565e19fbfc
중앙도서관,35.891959,128.612256,3565e19fbf4
중앙도서관,35.891959,128.612256,3565e19fb8c
중앙도서관,35.891959,128.612256,3565e19fb84
중앙도서관,35.891959,128.612256,3565e19fb7c
중앙도서관,35.891959,128.612256,3565e19fb64
중앙도서관,35.891959,128.612256,3565e19f95c
중앙도서관,35.891959,128.612256,3565e19fbe4
중앙도서관,35.891959,128.612256,3565e19fbec
중앙도서관,35.891959,128.612256,3565e19fb94
중앙도서관,35.891959,128.612256,3565e19f964
중앙도서관,35.891959,128.612256,3565e19fbdc
중앙도서관,35.891959,128.612256,3565e19fbc4
중앙도서관,35.891959,128.612256,3565e19fbbc
인문대학,35.891211,128.610780,3565e17586c
인문대학,35.891211,128.610780,3565e175874
인문대학,35.891211,128.610780,3565e19e29c
인문대학,35.891211,128.610780,3565e175854
인문대학,35.891211,128.610780,3565e17585c
인문대학,35.891211,128.610780,3565e175864
인문대학,35.891211,128.610780,3565e17587c
인문대학,35.891211,128.610780,3565e19e284
인문대학,35.891211,128.610780,3565e1758fc
인문대학,35.891211,128.610780,3565e1758f4
인문대학,35.891211,128.610780,3565e17588c
본관,35.890423,128.612092,3565e19e3cc
본관,35.890423,128.612092,3565e19e3d4
본관,35.890423,128.612092,3565e19e17c
본관,35.890423,128.612092,3565e19e3a4
본관,35.890423,128.612092,3565e19e3bc
본관,35.890423,128.612092,3565e19e3c4
본관,35.890423,128.612092,3565e19e3dc
본관,35.890423,128.612092,3565e19e164
본관,35.890423,128.612092,3565e19e374
본관,35.890423,128.612092,3565e19e39c
본관,35.890423,128.612092,3565e19e394
본관,35.890423,128.612092,3565e19e3ec
본관,35.890423,128.612092,3565e19e3e4
본관,35.890423,128.612092,3565e19e37c
본관,35.890423,128.612092,3565e19e384
본관,35.890423,128.612092,3565e19e38c
인문한국진흥관,35.890194,128.610780,3565e175efc
인문한국진흥관,35.890194,128.610780,3565e175e54
인문한국진흥관,35.890194,128.610780,3565e175f1c
인문한국진흥관,35.890194,128.610780,3565e175f04
인문한국진흥관,35.890194,128.610780,3565e175fac
인문한국진흥관,35.890194,128.610780,3565e175f14
인문한국진흥관,35.890194,128.610780,3565e175f0c
인문한국진흥관,35.890194,128.610780,3565e175f44
인문한국진흥관,35.890194,128.610780,3565e175f6c
인문한국진흥관,35.890194,128.610780,3565e175f74
인문한국진흥관,35.890194,128.610780,3565e175f54
인문한국진흥관,35.890194,128.610780,3565e175f5c
인문한국진흥관,35.890194,128.610780,3565e175f64
인문한국진흥관,35.890194,128.610780,3565e19e1fc
인문한국진흥관,35.890194,128.610780,3565e19e1e4
인문한국진흥관,35.890194,128.610780,3565e19e1dc
인문한국진흥관,35.890194,128.610780,3565e19e21c
인문한국진흥관,35.890194,128.610780,3565e19e1f4
IT융합산업빌딩,35.892084,128.614223,3565e19f7a4
IT융합산업빌딩,35.892084,128.614223,3565e19f70c
IT융합산업빌딩,35.892084,128.614223,3565e19f714
IT융합산업빌딩,35.892084,128.614223,3565e19f7ac
IT융합산업빌딩,35.892084,128.614223,3565e19f704
IT융합산업빌딩,35.892084,128.614223,3565e19f71c
IT융합산업빌딩,35.892084,128.614223,3565e19f6fc
IT융합산업빌딩,35.892084,128.614223,3565e19f6e4
어학교육원,35.890943,128.614551,3565e19f0fc
어학교육원,35.890943,128.614551,3565e19f104
어학교육원,35.890943,128.614551,3565e19f10c
어학교육원,35.890943,128.614551,3565e19f174
어학교육원,35.890943,128.614551,3565e19f054
어학교육원,35.890943,128.614551,3565e19f1ac
어학교육원,35.890943,128.614551,3565e19f1a4
어학교육원,35.890943,128.614551,3565e19f19c
정보화본부,35.891337,128.613895,3565e19fa14
정보화본부,35.891337,128.613895,3565e19fa6c
정보화본부,35.891337,128.613895,3565e19fa0c
정보화본부,35.891337,128.613895,3565e19fa74
정보화본부,35.891337,128.613895,3565e19f0a4
정보화본부,35.891337,128.613895,3565e19f09c
정보화본부,35.891337,128.613895,3565e19f0bc
정보화본부,35.891337,128.613895,3565e19f094
정보화본부,35.891337,128.613895,3565e19f08c
정보화본부,35.891337,128.613895,3565e19f0c4
정보화본부,35.891337,128.613895,3565e19f0ec
정보화본부,35.891337,128.613895,3565e19f0f4
첨성관,35.891337,128.615043,3565e19f72c
첨성관,35.891337,128.615043,3565e19f0d4
첨성관,35.891337,128.615043,3565e19f6dc
첨성관,35.891337,128.615043,3565e19f6d4
첨성관,35.891337,128.615043,3565e19f12c
첨성관,35.891337,128.615043,3565e19f6c4
첨성관,35.891337,128.615043,3565e19f6cc
첨성관,35.891337,128.615043,3565e19f134
첨성관,35.891337,128.615043,3565e19f694
첨성관,35.891337,128.615043,3565e19f6bc
첨성관,35.891337,128.615043,3565e19f6b4
첨성관,35.891337,128.615043,3565e19f14c
첨성관,35.891337,128.615043,3565e19f684
첨성관,35.891337,128.615043,3565e19f69c
첨성관,35.891337,128.615043,3565e19f6a4
첨성관,35.891337,128.615043,3565e19f6ac
첨성관,35.891337,128.615043,3565e19f154
첨성관,35.891337,128.615043,3565e19f5d4
첨성관,35.891337,128.615043,3565e19f42c
첨성관,35.891337,128.615043,3565e19f424
첨성관,35.891337,128.615043,3565e19f41c
첨성관,35.891337,128.615043,3565e19f404
첨성관,35.891337,128.615043,3565e19f3fc
첨성관,35.891337,128.615043,3565e19f3e4
첨성관,35.891337,128.615043,3565e19f43c
첨성관,35.891337,128.615043,3565e19f414
첨성관,35.891337,128.615043,3565e19f40c
첨성관,35.891337,128.615043,3565e19f3f4
첨성관,35.891337,128.615043,3565e19f3ec
첨성관,35.891337,128.615043,3565e19f46c
첨성관,35.891337,128.615043,3565e19f474
첨성관,35.891337,128.615043,3565e19f38c
향토관,35.890694,128.615207,3565e19f3dc
향토관,35.890694,128.615207,3565e19f3d4
향토관,35.890694,128.615207,3565e19f3c4
향토관,35.890694,128.615207,3565e19f3cc
향토관,35.890694,128.615207,3565e19f234
향토관,35.890694,128.615207,3565e19f3b4
향토관,35.890694,128.615207,3565e19f24c
향토관,35.890694,128.615207,3565e19f3a4
향토관,35.890694,128.615207,3565e19f3ac
향토관,35.890694,128.615207,3565e19f30c
향토관,35.890694,128.615207,3565e19f304
농생대1호관,35.890961,128.609140,3565e175cf4
농생대1호관,35.890961,128.609140,3565e175cfc
농생대1호관,35.890961,128.609140,3565e175d04
농생대1호관,35.890961,128.609140,3565e175b9c
농생대1호관,35.890961,128.609140,3565e175b84
농생대1호관,35.890961,128.609140,3565e175c7c
농생대1호관,35.890961,128.609140,3565e175c64
농생대1호관,35.890961,128.609140,3565e175c5c
농생대1호관,35.890961,128.609140,3565e175c54
농생대1호관,35.890961,128.609140,3565e175dac
농생대1호관,35.890961,128.609140,3565e175bec
농생대1호관,35.890961,128.609140,3565e175bf4
농생대1호관,35.890961,128.609140,3565e175c0c
농생대1호관,35.890961,128.609140,3565e175c14
농생대1호관,35.890961,128.609140,3565e175c3c
농생대1호관,35.890961,128.609140,3565e175c34
농생대1호관,35.890961,128.609140,3565e175be4
농생대1호관,35.890961,128.609140,3565e175bfc
농생대1호관,35.890961,128.609140,3565e175c04
농생대1호관,35.890961,128.609140,3565e175c1c
농생대1호관,35.890961,128.609140,3565e175c24
농생대1호관,35.890961,128.609140,3565e175c2c
농생대1호관,35.890961,128.609140,3565e17595c
농생대1호관,35.890961,128.609140,3565e175954
농생대2호관,35.890982,128.608321,3565e174304
농생대2호관,35.890982,128.608321,3565e1742fc
농생대2호관,35.890982,128.608321,3565e17431c
농생대2호관,35.890982,128.608321,3565e1742e4
농생대2호관,35.890982,128.608321,3565e174324
농생대2호관,35.890982,128.608321,3565e1742dc
농생대2호관,35.890982,128.608321,3565e174334
농생대2호관,35.890982,128.608321,3565e17432c
농생대2호관,35.890982,128.608321,3565e175ccc
농생대2호관,35.890982,128.608321,3565e175cd4
농생대2호관,35.890982,128.608321,3565e175cc4
농생대2호관,35.890982,128.608321,3565e175cdc
농생대3호관,35.891438,128.608649,3565e1744ac
농생대3호관,35.891438,128.608649,3565e174354
농생대3호관,35.891438,128.608649,3565e175b54
농생대3호관,35.891438,128.608649,3565e175cac
농생대3호관,35.891438,128.608649,3565e175b5c
농생대3호관,35.891438,128.608649,3565e175b6c
농생대3호관,35.891438,128.608649,3565e175b64
농생대3호관,35.891438,128.608649,3565e175b74
농생대3호관,35.891438,128.608649,3565e175b7c
복현회관,35.890753,128.607009,3565e1741e4
복현회관,35.890753,128.607009,3565e176a0c
복현회관,35.890753,128.607009,3565e176a14
복현회관,35.890753,128.607009,3565e1741fc
복현회관,35.890753,128.607009,3565e176a04
복현회관,35.890753,128.607009,3565e176a1c
복현회관,35.890753,128.607009,3565e174204
복현회관,35.890753,128.607009,3565e1769fc
복현회관,35.890753,128.607009,3565e17420c
자연과학대학,35.890358,128.606517,3565e176b04
자연과학대학,35.890358,128.606517,3565e176b0c
자연과학대학,35.890358,128.606517,3565e176a54
자연과학대학,35.890358,128.606517,3565e176bac
자연과학대학,35.890358,128.606517,3565e176ba4
자연과학대학,35.890358,128.606517,3565e176a4c
자연과학대학,35.890358,128.606517,3565e176bb4
자연과학대학,35.890358,128.606517,3565e176a3c
자연과학대학,35.890358,128.606517,3565e176a34
자연과학대학,35.890358,128.606517,3565e176bcc
자연과학대학,35.890358,128.606517,3565e176a24
자연과학대학,35.890358,128.606517,3565e176a2c
국민체육센터,35.890317,128.605861,3565e1714b4
국민체육센터,35.890317,128.605861,3565e1714ac
국민체육센터,35.890317,128.605861,3565e176b4c
국민체육센터,35.890317,128.605861,3565e176b54
국민체육센터,35.890317,128.605861,3565e176b3c
국민체육센터,35.890317,128.605861,3565e176b44
제1체육관,35.889299,128.604714,3565e170e04
제1체육관,35.889299,128.604714,3565e170e0c
제1체육관,35.889299,128.604714,3565e170e74
제1체육관,35.889299,128.604714,3565e170dfc
제1체육관,35.889299,128.604714,3565e170de4
제1체육관,35.889299,128.604714,3565e170ddc
제1체육관,35.889299,128.604714,3565e17120c
제1체육관,35.889299,128.604714,3565e170df4
제1체육관,35.889299,128.604714,3565e170dec
제1체육관,35.889299,128.604714,3565e171274
제1체육관,35.889299,128.604714,3565e170d8c
제1체육관,35.889299,128.604714,3565e170d94
제1체육관,35.889299,128.604714,3565e171264
제1체육관,35.889299,128.604714,3565e17127c
제1체육관,35.889299,128.604714,3565e170d84
제2체육관,35.889839,128.605205,3565e1711f4
제2체육관,35.889839,128.605205,3565e1711fc
제2체육관,35.889839,128.605205,3565e171224
제2체육관,35.889839,128.605205,3565e17121c
제2체육관,35.889839,128.605205,3565e17123c
제2체육관,35.889839,128.605205,3565e171214
제2체육관,35.889839,128.605205,3565e1713b4
제2체육관,35.889839,128.605205,3565e17124c
제2체육관,35.889839,128.605205,3565e171244
제2체육관,35.889839,128.605205,3565e17126c
제2체육관,35.889839,128.605205,3565e1713a4
제2체육관,35.889839,128.605205,3565e1713ac
제2체육관,35.889839,128.605205,3565e171254
제2체육관,35.889839,128.605205,3565e17125c
제2체육관,35.889839,128.605205,3565e171374
제2체육관,35.889839,128.605205,3565e17130c
제2체육관,35.889839,128.605205,3565e171304
제2체육관,35.889839,128.605205,3565e1712fc
제2체육관,35.889839,128.605205,3565e1712f4
제2체육관,35.889839,128.605205,3565e17136c
제2체육관,35.889839,128.605205,3565e171314
제2체육관,35.889839,128.605205,3565e17131c
제2체육관,35.889839,128.605205,3565e1712e4
제2체육관,35.889839,128.605205,3565e17135c
제2체육관,35.889839,128.605205,3565e171344
제2체육관,35.889839,128.605205,3565e17133c
제2체육관,35.889839,128.605205,3565e171324
제2체육관,35.889839,128.605205,3565e1712dc
미래융합과학관,35.889175,128.606189,3565e176d34
미래융합과학관,35.889175,128.606189,3565e176d4c
미래융합과학관,35.889175,128.606189,3565e176d54
미래융합과학관,35.889175,128.606189,3565e176d3c
미래융합과학관,35.889175,128.606189,3565e176d44
미래융합과학관,35.889175,128.606189,3565e176d1c
미래융합과학관,35.889175,128.606189,3565e176d14
미래융합과학관,35.889175,128.606189,3565e176d6c
미래융합과학관,35.889175,128.606189,3565e176d04
미래융합과학관,35.889175,128.606189,3565e176d0c
미래융합과학관,35.889175,128.606189,3565e176c54
미래융합과학관,35.889175,128.606189,3565e176dac
미래융합과학관,35.889175,128.606189,3565e176da4
미래융합과학관,35.889175,128.606189,3565e176c44
미래융합과학관,35.889175,128.606189,3565e176c4c
미래융합과학관,35.889175,128.606189,3565e176db4
미래융합과학관,35.889175,128.606189,3565e176c3c
미래융합과학관,35.889175,128.606189,3565e176c34
제1과학관,35.889861,128.607829,3565e176974
제1과학관,35.889861,128.607829,3565e17696c
제1과학관,35.889861,128.607829,3565e17690c
제1과학관,35.889861,128.607829,3565e176914
제1과학관,35.889861,128.607829,3565e176904
제1과학관,35.889861,128.607829,3565e17691c
제1과학관,35.889861,128.607829,3565e176854
제1과학관,35.889861,128.607829,3565e1768fc
제1과학관,35.889861,128.607829,3565e17685c
제1과학관,35.889861,128.607829,3565e1768f4
제1과학관,35.889861,128.607829,3565e17686c
제1과학관,35.889861,128.607829,3565e176864
제1과학관,35.889861,128.607829,3565e17680c
제1과학관,35.889861,128.607829,3565e176874
제1과학관,35.889861,128.607829,3565e17687c
제1과학관,35.889861,128.607829,3565e1767e4
제1과학관,35.889861,128.607829,3565e1767dc
제2과학관,35.889840,128.606353,3565e176cbc
제2과학관,35.889840,128.606353,3565e176cc4
제2과학관,35.889840,128.606353,3565e176c9c
제2과학관,35.889840,128.606353,3565e176c94
제2과학관,35.889840,128.606353,3565e176c84
제2과학관,35.889840,128.606353,3565e176c8c
제2과학관,35.889840,128.606353,3565e176b84
제2과학관,35.889840,128.606353,3565e176c7c
제2과학관,35.889840,128.606353,3565e176b8c
제2과학관,35.889840,128.606353,3565e176c74
제2과학관,35.889840,128.606353,3565e176bec
제2과학관,35.889840,128.606353,3565e176bf4
백호관,35.888178,128.604222,3565e170934
백호관,35.888178,128.604222,3565e17093c
백호관,35.888178,128.604222,3565e17094c
백호관,35.888178,128.604222,3565e170944
백호관,35.888178,128.604222,3565e17096c
백호관,35.888178,128.604222,3565e170eac
백호관,35.888178,128.604222,3565e170954
백호관,35.888178,128.604222,3565e17095c
백호관,35.888178,128.604222,3565e170964
백호관,35.888178,128.604222,3565e170c1c
백호관,35.888178,128.604222,3565e170c04
백호관,35.888178,128.604222,3565e170c3c
백호관,35.888178,128.604222,3565e170c14
청룡관,35.887930,128.606025,3565e170b24
청룡관,35.887930,128.606025,3565e170b34
청룡관,35.887930,128.606025,3565e170b2c
청룡관,35.887930,128.606025,3565e1774ac
청룡관,35.887930,128.606025,3565e1774b4
청룡관,35.887930,128.606025,3565e1774cc
청룡관,35.887930,128.606025,3565e1772cc
청룡관,35.887930,128.606025,3565e1772d4
청룡관,35.887930,128.606025,3565e17732c
청룡관,35.887930,128.606025,3565e177334
청룡관,35.887930,128.606025,3565e17734c
청룡관,35.887930,128.606025,3565e177354
청룡관,35.887930,128.606025,3565e177324
청룡관,35.887930,128.606025,3565e17733c
청룡관,35.887930,128.606025,3565e177344
청룡관,35.887930,128.606025,3565e17735c
청룡관,35.887930,128.606025,3565e1774a4
청룡관,35.887930,128.606025,3565e1774bc
청룡관,35.887930,128.606025,3565e1774c4
생명공학관,35.889862,128.608977,3565e1767c4
생명공학관,35.889862,128.608977,3565e176794
생명공학관,35.889862,128.608977,3565e1767bc
생명공학관,35.889862,128.608977,3565e17679c
생명공학관,35.889862,128.608977,3565e176774
생명공학관,35.889862,128.608977,3565e176764
생명공학관,35.889862,128.608977,3565e17676c
생명공학관,35.889862,128.608977,3565e17675c
생물학관,35.886913,128.606025,3565e170acc
생물학관,35.886913,128.606025,3565e170ab4
생물학관,35.886913,128.606025,3565e177534
생물학관,35.886913,128.606025,3565e17754c
생물학관,35.886913,128.606025,3565e17753c
생물학관,35.886913,128.606025,3565e17751c
생물학관,35.886913,128.606025,3565e177514
생물학관,35.886913,128.606025,3565e177504
생물학관,35.886913,128.606025,3565e1775ac
사범대학,35.890548,128.614059,3565e19e554
사범대학,35.890548,128.614059,3565e19f004
사범대학,35.890548,128.614059,3565e19effc
사범대학,35.890548,128.614059,3565e19f01c
사범대학,35.890548,128.614059,3565e19efe4
사범대학,35.890548,128.614059,3565e19f024
사범대학,35.890548,128.614059,3565e19efdc
사범대학,35.890548,128.614059,3565e19f02c
사범대학,35.890548,128.614059,3565e19efd4
사범대학,35.890548,128.614059,3565e19f1d4
사범대학,35.890548,128.614059,3565e19ee2c
생활과학대학,35.890010,128.615862,3565e19f264
생활과학대학,35.890010,128.615862,3565e19f2f4
생활과학대학,35.890010,128.615862,3565e19f28c
생활과학대학,35.890010,128.615862,3565e19f284
생활과학대학,35.890010,128.615862,3565e19ed7c
생활과학대학,35.890010,128.615862,3565e19f2ec
생활과학대학,35.890010,128.615862,3565e19f294
생활과학대학,35.890010,128.615862,3565e19f29c
생활과학대학,35.890010,128.615862,3565e19ed64
생활과학대학,35.890010,128.615862,3565e19f2c4
생활과학대학,35.890010,128.615862,3565e19f2bc
생활과학대학,35.890010,128.615862,3565e19f2a4
교육대학원,35.889947,128.613731,3565e19e574
교육대학원,35.889947,128.613731,3565e19e59c
교육대학원,35.889947,128.613731,3565e19e57c
교육대학원,35.889947,128.613731,3565e19e584
교육대학원,35.889947,128.613731,3565e19ef84
교육대학원,35.889947,128.613731,3565e19ef7c
교육대학원,35.889947,128.613731,3565e19ef9c
교육대학원,35.889947,128.613731,3565e19ef74
교육대학원,35.889947,128.613731,3565e19efa4
교육대학원,35.889947,128.613731,3565e19ef0c
교육대학원,35.889947,128.613731,3565e19efac
교육대학원,35.889947,128.613731,3565e19ef04
제4합강의동,35.889594,128.615043,3565e19ee5c
제4합강의동,35.889594,128.615043,3565e19eef4
제4합강의동,35.889594,128.615043,3565e19ee64
제4합강의동,35.889594,128.615043,3565e19ee8c
제4합강의동,35.889594,128.615043,3565e19ee7c
제4합강의동,35.889594,128.615043,3565e19ee84
제4합강의동,35.889594,128.615043,3565e19edd4
제4합강의동,35.889594,128.615043,3565e19ec2c
제4합강의동,35.889594,128.615043,3565e19edc4
제4합강의동,35.889594,128.615043,3565e19edcc
제4합강의동,35.889594,128.615043,3565e19ec34
제4합강의동,35.889594,128.615043,3565e19edbc
경상대학,35.889221,128.616026,3565e19eda4
경상대학,35.889221,128.616026,3565e19edac
경상대학,35.889221,128.616026,3565e19ec54
경상대학,35.889221,128.616026,3565e19ed0c
경상대학,35.889221,128.616026,3565e19ed04
경상대학,35.889221,128.616026,3565e19ecfc
경상대학,35.889221,128.616026,3565e19ed14
경상대학,35.889221,128.616026,3565e19ed1c
경상대학,35.889221,128.616026,3565e19ece4
경상대학,35.889221,128.616026,3565e19ed3c
경상대학,35.889221,128.616026,3565e19ed24
경상대학,35.889221,128.616026,3565e19ecdc
경상대학,35.889221,128.616026,3565e19ed34
경상대학,35.889221,128.616026,3565e19ed2c
경상대학,35.889221,128.616026,3565e19ecd4
경상대학,35.889221,128.616026,3565e1992d4
경상대학,35.889221,128.616026,3565e19932c
복지관,35.888992,128.614715,3565e19e8b4
복지관,35.888992,128.614715,3565e19e8bc
복지관,35.888992,128.614715,3565e19e8cc
복지관,35.888992,128.614715,3565e19e8c4
복지관,35.888992,128.614715,3565e19e8d4
복지관,35.888992,128.614715,3565e19eed4
복지관,35.888992,128.614715,3565e19e92c
복지관,35.888992,128.614715,3565e19eecc
복지관,35.888992,128.614715,3565e19e934
복지관,35.888992,128.614715,3565e19e93c
복지관,35.888992,128.614715,3565e19eeb4
복지관,35.888992,128.614715,3565e19e94c
복지관,35.888992,128.614715,3565e19e944
복지관,35.888992,128.614715,3565e19eeac
복지관,35.888992,128.614715,3565e19e954
사회과학대학,35.888474,128.615698,3565e19ebfc
사회과학대학,35.888474,128.615698,3565e19ebe4
사회과학대학,35.888474,128.615698,3565e19ebf4
사회과학대학,35.888474,128.615698,3565e19ebec
사회과학대학,35.888474,128.615698,3565e19ebc4
사회과학대학,35.888474,128.615698,3565e19ec74
사회과학대학,35.888474,128.615698,3565e19eb8c
사회과학대학,35.888474,128.615698,3565e19eb94
사회과학대학,35.888474,128.615698,3565e19ebbc
사회과학대학,35.888474,128.615698,3565e19ec7c
사회과학대학,35.888474,128.615698,3565e19eb84
사회과학대학,35.888474,128.615698,3565e19eb9c
사회과학대학,35.888474,128.615698,3565e19eba4
사회과학대학,35.888474,128.615698,3565e19ec84
사회과학대학,35.888474,128.615698,3565e19eb7c
사회과학대학,35.888474,128.615698,3565e19eb74
사회과학대학,35.888474,128.615698,3565e19eb0c
사회과학대학,35.888474,128.615698,3565e19ec9c
사회과학대학,35.888474,128.615698,3565e19eb64
사회과학대학,35.888474,128.615698,3565e19eb6c
사회과학대학,35.888474,128.615698,3565e19eb14
사회과학대학,35.888474,128.615698,3565e19eca4
사회과학대학,35.888474,128.615698,3565e19eb5c
사회과학대학,35.888474,128.615698,3565e19eb44
사회과학대학,35.888474,128.615698,3565e19ecac
사회과학대학,35.888474,128.615698,3565e19eb54
사회과학대학,35.888474,128.615698,3565e19eb4c
IT1호관,35.887498,128.612911,3565e19dbfc
IT1호관,35.887498,128.612911,3565e19dbe4
IT1호관,35.887498,128.612911,3565e19dbf4
IT1호관,35.887498,128.612911,3565e19dc74
IT1호관,35.887498,128.612911,3565e19db8c
IT1호관,35.887498,128.612911,3565e19dc7c
IT1호관,35.887498,128.612911,3565e19dc84
IT2호관,35.887559,128.611600,3565e19d8c4
IT2호관,35.887559,128.611600,3565e19d8ec
IT2호관,35.887559,128.611600,3565e19d8f4
IT2호관,35.887559,128.611600,3565e19d85c
IT2호관,35.887559,128.611600,3565e19d8dc
IT2호관,35.887559,128.611600,3565e19d8e4
IT2호관,35.887559,128.611600,3565e19d8fc
IT2호관,35.887559,128.611600,3565e19d854
IT2호관,35.887559,128.611600,3565e19d92c
IT2호관,35.887559,128.611600,3565e19d924
IT2호관,35.887559,128.611600,3565e19d91c
IT2호관,35.887559,128.611600,3565e19d904
IT2호관,35.887559,128.611600,3565e19d934
IT2호관,35.887559,128.611600,3565e19d93c
IT2호관,35.887559,128.611600,3565e19d914
IT2호관,35.887559,128.611600,3565e19d90c
IT3호관,35.888223,128.610616,3565e1763bc
IT3호관,35.888223,128.610616,3565e1763a4
IT3호관,35.888223,128.610616,3565e1763b4
IT3호관,35.888223,128.610616,3565e17619c
IT3호관,35.888223,128.610616,3565e176184
IT3호관,35.888223,128.610616,3565e17622c
IT3호관,35.888223,128.610616,3565e176234
IT3호관,35.888223,128.610616,3565e17624c
IT3호관,35.888223,128.610616,3565e176194
IT3호관,35.888223,128.610616,3565e17618c
IT3호관,35.888223,128.610616,3565e176224
IT3호관,35.888223,128.610616,3565e17623c
IT3호관,35.888223,128.610616,3565e176244
IT4호관,35.888244,128.610944,3565e1761f4
IT4호관,35.888244,128.610944,3565e17621c
IT4호관,35.888244,128.610944,3565e176214
IT4호관,35.888244,128.610944,3565e1761fc
IT4호관,35.888244,128.610944,3565e176204
IT4호관,35.888244,128.610944,3565e17620c
IT융복합공학관,35.888057,128.611436,3565e19df5c
IT융복합공학관,35.888057,128.611436,3565e19df54
IT융복합공학관,35.888057,128.611436,3565e19d8ac
IT융복합공학관,35.888057,128.611436,3565e19df44
IT융복합공학관,35.888057,128.611436,3565e19df4c
IT융복합공학관,35.888057,128.611436,3565e19d8b4
IT융복합공학관,35.888057,128.611436,3565e19df3c
IT융복합공학관,35.888057,128.611436,3565e19df34
IT융복합공학관,35.888057,128.611436,3565e19d8cc
IT융복합공학관,35.888057,128.611436,3565e19df24
IT융복합공학관,35.888057,128.611436,3565e19df2c
IT융복합공학관,35.888057,128.611436,3565e19dedc
IT융복합공학관,35.888057,128.611436,3565e19ded4
IT융복합공학관,35.888057,128.611436,3565e19dec4
IT융복합공학관,35.888057,128.611436,3565e19decc
공대1호관,35.887579,128.608485,3565e17706c
공대1호관,35.887579,128.608485,3565e177064
공대1호관,35.887579,128.608485,3565e177074
공대1호관,35.887579,128.608485,3565e17707c
공대1호관,35.887579,128.608485,3565e177a9c
공대1호관,35.887579,128.608485,3565e177abc
공대1호관,35.887579,128.608485,3565e177a94
공대1호관,35.887579,128.608485,3565e177ac4
공대1호관,35.887579,128.608485,3565e177adc
공대2호관,35.888098,128.608649,3565e176ffc
공대2호관,35.888098,128.608649,3565e17655c
공대2호관,35.888098,128.608649,3565e176554
공대2호관,35.888098,128.608649,3565e176544
공대2호관,35.888098,128.608649,3565e17653c
공대2호관,35.888098,128.608649,3565e17651c
공대2호관,35.888098,128.608649,3565e176524
공대3호관,35.887724,128.609632,3565e1764cc
공대3호관,35.887724,128.609632,3565e1764bc
공대3호관,35.887724,128.609632,3565e1764b4
공대3호관,35.887724,128.609632,3565e1764a4
공대3호관,35.887724,128.609632,3565e176364
공대3호관,35.887724,128.609632,3565e17635c
공대3호관,35.887724,128.609632,3565e17636c
공대3호관,35.887724,128.609632,3565e176344
공대6호관,35.887289,128.609632,3565e177b3c
공대6호관,35.887289,128.609632,3565e177b14
공대6호관,35.887289,128.609632,3565e177b44
공대6호관,35.887289,128.609632,3565e177b5c
공대6호관,35.887289,128.609632,3565e177cac
공대6호관,35.887289,128.609632,3565e177ca4
공대6호관,35.887289,128.609632,3565e177cb4
공대7호관,35.887289,128.610780,3565e1762dc
공대7호관,35.887289,128.610780,3565e1762d4
공대7호관,35.887289,128.610780,3565e1762c4
공대7호관,35.887289,128.610780,3565e1762bc
공대7호관,35.887289,128.610780,3565e17629c
공대7호관,35.887289,128.610780,3565e1762a4
공대8호관,35.886688,128.611600,3565e19d7ec
공대8호관,35.886688,128.611600,3565e19d78c
공대8호관,35.886688,128.611600,3565e19d784
공대8호관,35.886688,128.611600,3565e19d9d4
공대8호관,35.886688,128.611600,3565e19d77c
공대8호관,35.886688,128.611600,3565e19d9dc
공대9호관,35.886998,128.60848,3565e1770cc
공대9호관,35.886998,128.60848,3565e177734
공대9호관,35.886998,128.60848,3565e1770b4
공대9호관,35.886998,128.60848,3565e1770a4
공대9호관,35.886998,128.60848,3565e1770ac
공대9호관,35.886998,128.60848,3565e177a0c
공대9호관,35.886998,128.60848,3565e177a04
공대9호관,35.886998,128.60848,3565e177a14
공대9호관,35.886998,128.60848,3565e177a44
공대9호관,35.886998,128.60848,3565e177a3c
공대9호관,35.886998,128.60848,3565e177a4c
공대12호관,35.888472,128.609960,3565e1766ac
공대12호관,35.888472,128.609960,3565e176404
공대12호관,35.888472,128.609960,3565e17640c
공대12호관,35.888472,128.609960,3565e176154
공대12호관,35.888472,128.609960,3565e1763fc
공대12호관,35.888472,128.609960,3565e1763f4
공대12호관,35.888472,128.609960,3565e17615c
공대12호관,35.888472,128.609960,3565e1763e4
공대12호관,35.888472,128.609960,3565e1763ec
공대12호관,35.888472,128.609960,3565e176164
공대12호관,35.888472,128.609960,3565e1763dc
공대12호관,35.888472,128.609960,3565e176174
공대12호관,35.888472,128.609960,3565e17617c
공대2A호관,35.888118,128.607829,3565e1771dc
공대2A호관,35.888118,128.607829,3565e1771c4
공대2A호관,35.888118,128.607829,3565e176e2c
공대2A호관,35.888118,128.607829,3565e1771d4
공대2A호관,35.888118,128.607829,3565e1771cc
공대2A호관,35.888118,128.607829,3565e176fd4
공대2A호관,35.888118,128.607829,3565e17702c
공대2A호관,35.888118,128.607829,3565e177034
공대2A호관,35.888118,128.607829,3565e176fc4
공대2A호관,35.888118,128.607829,3565e176fdc
공대2A호관,35.888118,128.607829,3565e177024
화학관,35.886562,128.608485,3565e1776fc
화학관,35.886562,128.608485,3565e177654
화학관,35.886562,128.608485,3565e177704
화학관,35.886562,128.608485,3565e1777ac
화학관,35.886562,128.608485,3565e177714
화학관,35.886562,128.608485,3565e17770c
화학관,35.886562,128.608485,3565e17776c
화학관,35.886562,128.608485,3565e17775c
화학관,35.886562,128.608485,3565e177764
화학관,35.886562,128.608485,3565e1779e4
화학관,35.886562,128.608485,3565e1779dc
화학관,35.886562,128.608485,3565e1779ec
화학관,35.886562,128.608485,3565e177994
미래창직관,35.887725,128.610780,3565e176304
미래창직관,35.887725,128.610780,3565e176254
미래창직관,35.887725,128.610780,3565e1762fc
미래창직관,35.887725,128.610780,3565e17625c
미래창직관,35.887725,128.610780,3565e1762f4
미래창직관,35.887725,128.610780,3565e176264
미래창직관,35.887725,128.610780,3565e17628c
미래창직관,35.887725,128.610780,3565e176274
미래창직관,35.887725,128.610780,3565e17627c
수의과대학,35.886792,128.613239,3565e19db0c
수의과대학,35.886792,128.613239,3565e19db04
수의과대학,35.886792,128.613239,3565e19db14
수의과대학,35.886792,128.613239,3565e19db1c
수의과대학,35.886792,128.613239,3565e19db3c
수의과대학,35.886792,128.613239,3565e19db24
수의과대학,35.886792,128.613239,3565e19db34
수의과대학,35.886792,128.613239,3565e19db2c
진리관+봉사관,35.886998,128.609632,3565e177bac
진리관+봉사관,35.886998,128.609632,3565e177bb4
진리관+봉사관,35.886998,128.609632,3565e177bcc
진리관+봉사관,35.886998,128.609632,3565e177ba4
진리관+봉사관,35.886998,128.609632,3565e177bbc
진리관+봉사관,35.886998,128.609632,3565e177b74
진리관+봉사관,35.886998,128.609632,3565e177b9c
진리관+봉사관,35.886998,128.609632,3565e177b7c
진리관+봉사관,35.886998,128.609632,3565e177b84
진리관+봉사관,35.886998,128.609632,3565e177c84
진리관+봉사관,35.886998,128.609632,3565e177c94
진리관+봉사관,35.886998,128.609632,3565e177c8c
진리관+봉사관,35.886998,128.609632,3565e177cec
진리관+봉사관,35.886998,128.609632,3565e177cf4
화목관,35.886916,128.610616,3565e177d24
화목관,35.886916,128.610616,3565e177d1c
화목관,35.886916,128.610616,3565e177d3c
화목관,35.886916,128.610616,3565e177d44
화목관,35.886916,128.610616,3565e177d54
화목관,35.886916,128.610616,3565e19d7fc
보람관,35.886044,128.609468,3565e17797c
보람관,35.886044,128.609468,3565e177974
보람관,35.886044,128.609468,3565e17790c
보람관,35.886044,128.609468,3565e177904
보람관,35.886044,128.609468,3565e1778fc
보람관,35.886044,128.609468,3565e177bdc
보람관,35.886044,128.609468,3565e177964
보람관,35.886044,128.609468,3565e17796c
보람관,35.886044,128.609468,3565e177914
보람관,35.886044,128.609468,3565e17791c
보람관,35.886044,128.609468,3565e177be4
보람관,35.886044,128.609468,3565e17795c
보람관,35.886044,128.609468,3565e177944
보람관,35.886044,128.609468,3565e17793c
보람관,35.886044,128.609468,3565e177924
보람관,35.886044,128.609468,3565e177bfc
보람관,35.886044,128.609468,3565e177954
보람관,35.886044,128.609468,3565e17794c
보람관,35.886044,128.609468,3565e177934
보람관,35.886044,128.609468,3565e17792c
보람관,35.886044,128.609468,3565e177c0c
보람관,35.886044,128.609468,3565e177c04
보람관,35.886044,128.609468,3565e177eac
보람관,35.886044,128.609468,3565e177eb4
보람관,35.886044,128.609468,3565e177ecc
